MAE,RMSE,MAPE,R2
7.318110242761851,13.98310388327648,128.57114365881546,0.8959299637449605
