MAE,RMSE,MAPE,R2
5.1232284590190815,10.553677879343994,81.65126988023422,0.9412836752960955
