MAE,RMSE,MAPE,R2
0.026981520677073725,0.031263855996591115,14.188674994042486,-0.11457144468060232
