MAE,RMSE,MAPE,R2
6.4903179418451975,11.242229691049127,114.98040085642414,0.9327296873837545
