MAE,RMSE,MAPE,R2
4.839553151060428,10.222122307914947,103.87881670128898,0.944366007306742
