MAE,RMSE,MAPE,R2
0.025143205858341247,0.0316703147741512,14.578900609887777,-0.14235902990159244
