MAE,RMSE,MAPE,R2
0.010939996350205771,0.014180734252392356,7.114990843340843,0.7706914407108761
