MAE,RMSE,MAPE,R2
0.014522280198227912,0.01868160997113359,9.138416273444758,0.3384270828874858
