MAE,RMSE,MAPE,R2
0.11196245129340787,0.11518286397764899,41.802184021666115,-14.128594232318529
