MAE,RMSE,MAPE,R2
0.008210415428318825,0.01010376818776508,5.277354146214866,0.8835901911537318
