MAE,RMSE,MAPE,R2
0.008145676190496191,0.0102286388875028,5.326582099125926,0.8806950338163902
