MAE,RMSE,MAPE,R2
0.00808941631008315,0.010168172058772537,5.290856462183404,0.8823218458528069
