MAE,RMSE,MAPE,R2
0.0054959220662757595,0.006870344421176129,3.6370198293048084,0.9468231477267467
