MAE,RMSE,MAPE,R2
6.671885016723154,11.269581112011071,73.35786139067092,0.9324019629200163
