MAE,RMSE,MAPE,R2
5.135384652321538,10.625343110738164,75.03663974085731,0.9399096873369978
