MAE,RMSE,MAPE,R2
0.008945019170477487,0.011221419215639033,5.985791905652551,0.8564119149960211
