MAE,RMSE,MAPE,R2
0.014429532440442388,0.01807924431615267,8.805326617454893,0.6279762878263035
