MAE,RMSE,MAPE,R2
0.007150269997314885,0.008888874138563534,4.740367023660587,0.9099017526900327
